"t","napoved"
1,1973.25618784229
2,1971.59635729176
3,1969.94017503273
4,1968.28764106522
5,1966.63875538922
6,1964.99351800473
7,1963.35192891175
8,1961.71398811029
9,1960.07969560033
10,1958.44905138189
11,1956.82205545496
12,1955.19870781954
13,1953.57900847564
14,1951.96295742324
15,1950.35055466236
16,1948.74180019298
17,1947.13669401512
18,1945.53523612877
19,1943.93742653394
20,1942.34326523061
21,1940.75275221879
22,1939.16588749849
23,1937.5826710697
24,1936.00310293242
25,1934.42718308665
26,1932.8549115324
27,1931.28628826965
28,1929.72131329842
29,1928.1599866187
30,1926.60230823049
31,1925.04827813379
32,1923.49789632861
33,1921.95116281493
34,1920.40807759277
35,1918.86864066212
36,1917.33285202298
37,1915.80071167535
38,1914.27221961923
39,1912.74737585463
40,1911.22618038153
41,1909.70863319995
42,1908.19473430988
43,1906.68448371132
44,1905.17788140428
45,1903.67492738874
46,1902.17562166472
47,1900.67996423221
48,1899.18795509121
49,1897.69959424172
50,1896.21488168374
51,1894.73381741728
52,1893.25640144232
53,1891.78263375888
54,1890.31251436695
55,1888.84604326653
56,1887.38322045762
57,1885.92404594023
58,1884.46851971434
59,1883.01664177997
60,1881.56841213711
61,1880.12383078576
62,1878.68289772593
63,1877.2456129576
64,1875.81197648079
65,1874.38198829548
66,1872.95564840169
67,1871.53295679941
68,1870.11391348865
69,1868.69851846939
70,1867.28677174165
71,1865.87867330541
72,1864.47422316069
73,1863.07342130748
74,1861.67626774579
75,1860.2827624756
76,1858.89290549693
77,1857.50669680976
78,1856.12413641411
79,1854.74522430997
80,1853.36996049735
81,1851.99834497623
82,1850.63037774662
83,1849.26605880853
84,1847.90538816195
85,1846.54836580688
86,1845.19499174332
87,1843.84526597128
88,1842.49918849074
89,1841.15675930172
90,1839.81797840421
91,1838.48284579821
92,1837.15136148372
93,1835.82352546074
94,1834.49933772928
95,1833.17879828932
96,1831.86190714088
97,1830.54866428395
98,1829.23906971854
99,1827.93312344463
100,1826.63082546223
101,1825.33217577135
102,1824.03717437198
103,1822.74582126412
104,1821.45811644777
105,1820.17405992293
106,1818.89365168961
107,1817.61689174779
108,1816.34378009749
109,1815.0743167387
110,1813.80850167142
111,1812.54633489566
112,1811.2878164114
113,1810.03294621866
114,1808.78172431742
115,1807.5341507077
116,1806.29022538949
117,1805.0499483628
118,1803.81331962761
119,1802.58033918394
120,1801.35100703178
121,1800.12532317112
122,1798.90328760199
123,1797.68490032436
124,1796.47016133824
125,1795.25907064364
126,1794.05162824055
127,1792.84783412896
128,1791.6476883089
129,1790.45119078034
130,1789.25834154329
131,1788.06914059776
132,1786.88358794374
133,1785.70168358122
134,1784.52342751022
135,1783.34881973074
136,1782.17786024276
137,1781.0105490463
138,1779.84688614134
139,1778.6868715279
140,1777.53050520597
141,1776.37778717555
142,1775.22871743665
143,1774.08329598925
144,1772.94152283337
145,1771.803397969
146,1770.66892139614
147,1769.53809311479
148,1768.41091312495
149,1767.28738142663
150,1766.16749801982
151,1765.05126290451
152,1763.93867608072
153,1762.82973754845
154,1761.72444730768
155,1760.62280535842
156,1759.52481170068
157,1758.43046633445
158,1757.33976925973
159,1756.25272047652
160,1755.16931998482
161,1754.08956778464
162,1753.01346387596
163,1751.9410082588
164,1750.87220093315
165,1749.80704189901
166,1748.74553115639
167,1747.68766870527
168,1746.63345454567
169,1745.58288867758
170,1744.53597110099
171,1743.49270181593
172,1742.45308082237
173,1741.41710812032
174,1740.38478370979
175,1739.35610759077
176,1738.33107976326
177,1737.30970022726
178,1736.29196898277
179,1735.27788602979
180,1734.26745136833
181,1733.26066499838
182,1732.25752691994
183,1731.25803713301
184,1730.26219563759
185,1729.27000243368
186,1728.28145752129
187,1727.29656090041
188,1726.31531257104
189,1725.33771253318
190,1724.36376078683
191,1723.39345733199
192,1722.42680216867
193,1721.46379529685
194,1720.50443671655
195,1719.54872642776
196,1718.59666443049
197,1717.64825072472
198,1716.70348531046
199,1715.76236818772
200,1714.82489935649
201,1713.89107881677
202,1712.96090656856
203,1712.03438261187
204,1711.11150694668
205,1710.19227957301
206,1709.27670049085
207,1708.3647697002
208,1707.45648720106
209,1706.55185299343
210,1705.65086707732
211,1704.75352945271
212,1703.85984011962
213,1702.96979907804
214,1702.08340632797
215,1701.20066186941
216,1700.32156570237
217,1699.44611782684
218,1698.57431824281
219,1697.7061669503
220,1696.8416639493
221,1695.98080923982
222,1695.12360282184
223,1694.27004469538
224,1693.42013486043
225,1692.57387331699
226,1691.73126006506
227,1690.89229510464
228,1690.05697843573
229,1689.22531005834
230,1688.39728997246
231,1687.57291817809
232,1686.75219467523
233,1685.93511946388
234,1685.12169254404
235,1684.31191391572
236,1683.50578357891
237,1682.70330153361
238,1681.90446777982
239,1681.10928231754
240,1680.31774514677
241,1679.52985626752
242,1678.74561567978
243,1677.96502338355
244,1677.18807937883
245,1676.41478366562
246,1675.64513624392
247,1674.87913711374
248,1674.11678627506
249,1673.3580837279
250,1672.60302947225
251,1671.85162350812
252,1671.10386583549
253,1670.35975645437
254,1669.61929536477
255,1668.88248256668
256,1668.1493180601
257,1667.41980184503
258,1666.69393392148
259,1665.97171428943
260,1665.2531429489
261,1664.53821989988
262,1663.82694514237
263,1663.11931867637
264,1662.41534050188
265,1661.71501061891
266,1661.01832902744
267,1660.32529572749
268,1659.63591071905
269,1658.95017400212
270,1658.2680855767
271,1657.5896454428
272,1656.91485360041
273,1656.24371004952
274,1655.57621479015
275,1654.91236782229
276,1654.25216914595
277,1653.59561876111
278,1652.94271666779
279,1652.29346286598
280,1651.64785735568
281,1651.00590013689
282,1650.36759120961
283,1649.73293057384
284,1649.10191822959
285,1648.47455417685
286,1647.85083841562
287,1647.2307709459
288,1646.61435176769
289,1646.00158088099
290,1645.39245828581
291,1644.78698398214
292,1644.18515796998
293,1643.58698024933
294,1642.99245082019
295,1642.40156968256
296,1641.81433683645
297,1641.23075228185
298,1640.65081601876
299,1640.07452804718
300,1639.50188836711
301,1638.93289697855
302,1638.36755388151
303,1637.80585907597
304,1637.24781256195
305,1636.69341433944
306,1636.14266440845
307,1635.59556276896
308,1635.05210942098
309,1634.51230436452
310,1633.97614759957
311,1633.44363912613
312,1632.9147789442
313,1632.38956705379
314,1631.86800345488
315,1631.35008814749
316,1630.83582113161
317,1630.32520240724
318,1629.81823197438
319,1629.31490983303
320,1628.8152359832
321,1628.31921042487
322,1627.82683315806
323,1627.33810418276
324,1626.85302349897
325,1626.3715911067
326,1625.89380700593
327,1625.41967119668
328,1624.94918367893
329,1624.4823444527
330,1624.01915351798
331,1623.55961087478
332,1623.10371652308
333,1622.6514704629
334,1622.20287269423
335,1621.75792321707
336,1621.31662203142
337,1620.87896913728
338,1620.44496453465
339,1620.01460822354
340,1619.58790020394
341,1619.16484047585
342,1618.74542903927
343,1618.3296658942
344,1617.91755104064
345,1617.5090844786
346,1617.10426620807
347,1616.70309622905
348,1616.30557454154
349,1615.91170114554
350,1615.52147604105
351,1615.13489922808
352,1614.75197070662
353,1614.37269047667
354,1613.99705853823
355,1613.6250748913
356,1613.25673953588
357,1612.89205247198
358,1612.53101369958
359,1612.1736232187
360,1611.81988102933
361,1611.46978713148
362,1611.12334152513
363,1610.78054421029
364,1610.44139518697
365,1610.10589445516
366,1609.77404201486
367,1609.44583786607
368,1609.1212820088
369,1608.80037444303
370,1608.48311516878
371,1608.16950418604
372,1607.85954149481
373,1607.55322709509
374,1607.25056098688
375,1606.95154317019
376,1606.656173645
377,1606.36445241133
378,1606.07637946917
379,1605.79195481852
380,1605.51117845938
381,1605.23405039176
382,1604.96057061565
383,1604.69073913104
384,1604.42455593795
385,1604.16202103637
386,1603.90313442631
387,1603.64789610775
388,1603.39630608071
389,1603.14836434518
390,1602.90407090116
391,1602.66342574865
392,1602.42642888765
393,1602.19308031816
394,1601.96338004019
395,1601.73732805373
396,1601.51492435878
397,1601.29616895534
398,1601.08106184341
399,1600.86960302299
400,1600.66179249409
401,1600.4576302567
402,1600.25711631082
403,1600.06025065645
404,1599.86703329359
405,1599.67746422224
406,1599.49154344241
407,1599.30927095409
408,1599.13064675728
409,1598.95567085198
410,1598.78434323819
411,1598.61666391591
412,1598.45263288515
413,1598.29225014589
414,1598.13551569815
415,1597.98242954192
416,1597.83299167721
417,1597.687202104
418,1597.5450608223
419,1597.40656783212
420,1597.27172313345
421,1597.14052672629
422,1597.01297861064
423,1596.88907878651
424,1596.76882725388
425,1596.65222401277
426,1596.53926906317
427,1596.42996240508
428,1596.3243040385
429,1596.22229396343
430,1596.12393217988
431,1596.02921868783
432,1595.9381534873
433,1595.85073657828
434,1595.76696796077
435,1595.68684763477
436,1595.61037560029
437,1595.53755185732
438,1595.46837640585
439,1595.4028492459
440,1595.34097037746
441,1595.28273980054
442,1595.22815751512
443,1595.17722352122
444,1595.12993781883
445,1595.08630040795
446,1595.04631128858
447,1595.00997046072
448,1594.97727792437
449,1594.94823367954
450,1594.92283772622
451,1594.90109006441
452,1594.88299069411
453,1594.86853961532
454,1594.85773682804
455,1594.85058233228
456,1594.84707612803
457,1594.84721821529
458,1594.85100859406
459,1594.85844726434
460,1594.86953422613
461,1594.88426947944
462,1594.90265302426
463,1594.92468486058
464,1594.95036498843
465,1594.97969340778
466,1595.01267011864
467,1595.04929512102
468,1595.0895684149
469,1595.1334900003
470,1595.18105987721
471,1595.23227804563
472,1595.28714450557
473,1595.34565925701
474,1595.40782229997
475,1595.47363363444
476,1595.54309326042
477,1595.61620117791
478,1595.69295738691
479,1595.77336188743
480,1595.85741467946
481,1595.94511576299
482,1596.03646513804
483,1596.13146280461
484,1596.23010876268
485,1596.33240301226
486,1596.43834555336
487,1596.54793638597
488,1596.66117551009
489,1596.77806292572
490,1596.89859863286
491,1597.02278263152
492,1597.15061492168
493,1597.28209550336
494,1597.41722437655
495,1597.55600154125
496,1597.69842699747
497,1597.84450074519
498,1597.99422278443
499,1598.14759311517
500,1598.30461173743
501,1598.46527865121
502,1598.62959385649
503,1598.79755735328
504,1598.96916914159
505,1599.14442922141
506,1599.32333759274
507,1599.50589425558
508,1599.69209920993
509,1599.88195245579
510,1600.07545399317
511,1600.27260382206
512,1600.47340194245
513,1600.67784835437
514,1600.88594305779
515,1601.09768605272
516,1601.31307733917
517,1601.53211691712
518,1601.75480478659
519,1601.98114094757
520,1602.21112540007
521,1602.44475814407
522,1602.68203917959
523,1602.92296850661
524,1603.16754612515
525,1603.4157720352
526,1603.66764623676
527,1603.92316872984
528,1604.18233951442
529,1604.44515859052
530,1604.71162595813
531,1604.98174161725
532,1605.25550556788
533,1605.53291781002
534,1605.81397834368
535,1606.09868716885
536,1606.38704428552
537,1606.67904969371
538,1606.97470339342
539,1607.27400538463
540,1607.57695566735
541,1607.88355424159
542,1608.19380110734
543,1608.5076962646
544,1608.82523971337
545,1609.14643145365
546,1609.47127148545
547,1609.79975980875
548,1610.13189642357
549,1610.4676813299
550,1610.80711452774
551,1611.1501960171
552,1611.49692579796
553,1611.84730387034
554,1612.20133023422
555,1612.55900488962
556,1612.92032783653
557,1613.28529907496
558,1613.65391860489
559,1614.02618642634
560,1614.40210253929
561,1614.78166694376
562,1615.16487963974
563,1615.55174062724
564,1615.94224990624
565,1616.33640747676
566,1616.73421333878
567,1617.13566749232
568,1617.54076993737
569,1617.94952067394
570,1618.36191970201
571,1618.7779670216
572,1619.19766263269
573,1619.6210065353
574,1620.04799872942
575,1620.47863921506
576,1620.9129279922
577,1621.35086506085
578,1621.79245042102
579,1622.2376840727
580,1622.68656601589
581,1623.13909625059
582,1623.59527477681
583,1624.05510159453
584,1624.51857670377
585,1624.98570010452
586,1625.45647179678
587,1625.93089178055
588,1626.40896005583
589,1626.89067662263
590,1627.37604148093
591,1627.86505463075
592,1628.35771607208
593,1628.85402580492
594,1629.35398382928
595,1629.85759014514
596,1630.36484475252
597,1630.87574765141
598,1631.39029884181
599,1631.90849832372
600,1632.43034609714
601,1632.95584216208
602,1633.48498651852
603,1634.01777916648
604,1634.55422010595
605,1635.09430933693
606,1635.63804685942
607,1636.18543267343
608,1636.73646677894
609,1637.29114917597
610,1637.84947986451
611,1638.41145884456
612,1638.97708611613
613,1639.5463616792
614,1640.11928553379
615,1640.69585767988
616,1641.27607811749
617,1641.85994684661
618,1642.44746386725
619,1643.03862917939
620,1643.63344278305
621,1644.23190467821
622,1644.83401486489
623,1645.43977334308
624,1646.04918011279
625,1646.662235174
626,1647.27893852672
627,1647.89929017096
628,1648.52329010671
629,1649.15093833397
630,1649.78223485274
631,1650.41717966303
632,1651.05577276482
633,1651.69801415813
634,1652.34390384295
635,1652.99344181928
636,1653.64662808712
637,1654.30346264647
638,1654.96394549734
639,1655.62807663972
640,1656.29585607361
641,1656.96728379901
642,1657.64235981592
643,1658.32108412434
644,1659.00345672428
645,1659.68947761572
646,1660.37914679868
647,1661.07246427315
648,1661.76943003913
649,1662.47004409663
650,1663.17430644563
651,1663.88221708615
652,1664.59377601818
653,1665.30898324171
654,1666.02783875677
655,1666.75034256333
656,1667.4764946614
657,1668.20629505099
658,1668.93974373209
659,1669.6768407047
660,1670.41758596882
661,1671.16197952445
662,1671.9100213716
663,1672.66171151025
664,1673.41704994042
665,1674.1760366621
666,1674.93867167529
667,1675.70495497999
668,1676.47488657621
669,1677.24846646393
670,1678.02569464317
671,1678.80657111392
672,1679.59109587618
673,1680.37926892995
674,1681.17109027524
675,1681.96655991203
676,1682.76567784034
677,1683.56844406016
678,1684.37485857149
679,1685.18492137433
680,1685.99863246869
681,1686.81599185455
682,1687.63699953193
683,1688.46165550082
684,1689.28995976122
685,1690.12191231313
686,1690.95751315656
687,1691.79676229149
688,1692.63965971794
689,1693.4862054359
690,1694.33639944537
691,1695.19024174635
692,1696.04773233884
693,1696.90887122285
694,1697.77365839836
695,1698.64209386539
696,1699.51417762393
697,1700.38990967399
698,1701.26929001555
699,1702.15231864862
700,1703.03899557321
701,1703.92932078931
702,1704.82329429692
703,1705.72091609604
704,1706.62218618667
705,1707.52710456882
706,1708.43567124247
707,1709.34788620764
708,1710.26374946432
709,1711.18326101251
710,1712.10642085222
711,1713.03322898343
712,1713.96368540616
713,1714.8977901204
714,1715.83554312615
715,1716.77694442341
716,1717.72199401218
717,1718.67069189246
718,1719.62303806426
719,1720.57903252757
720,1721.53867528239
721,1722.50196632872
722,1723.46890566656
723,1724.43949329592
724,1725.41372921678
725,1726.39161342916
726,1727.37314593305
727,1728.35832672845
728,1729.34715581536
729,1730.33963319379
730,1731.33575886372
731,1732.33553282517
732,1733.33895507813
733,1734.3460256226
734,1735.35674445858
735,1736.37111158608
736,1737.38912700508
737,1738.4107907156
738,1739.43610271763
739,1740.46506301117
740,1741.49767159622
741,1742.53392847278
742,1743.57383364086
743,1744.61738710045
744,1745.66458885154
745,1746.71543889415
746,1747.76993722828
747,1748.82808385391
748,1749.88987877106
749,1750.95532197971
750,1752.02441347988
751,1753.09715327156
752,1754.17354135475
753,1755.25357772946
754,1756.33726239567
755,1757.4245953534
756,1758.51557660264
757,1759.61020614339
758,1760.70848397565
759,1761.81041009942
760,1762.91598451471
761,1764.0252072215
762,1765.13807821981
763,1766.25459750963
764,1767.37476509096
765,1768.4985809638
766,1769.62604512816
767,1770.75715758403
768,1771.8919183314
769,1773.03032737029
770,1774.17238470069
771,1775.31809032261
772,1776.46744423603
773,1777.62044644097
774,1778.77709693742
775,1779.93739572538
776,1781.10134280485
777,1782.26893817583
778,1783.44018183832
779,1784.61507379233
780,1785.79361403785
781,1786.97580257488
782,1788.16163940342
783,1789.35112452347
784,1790.54425793503
785,1791.74103963811
786,1792.9414696327
787,1794.1455479188
788,1795.35327449641
789,1796.56464936553
790,1797.77967252616
791,1798.99834397831
792,1800.22066372197
793,1801.44663175713
794,1802.67624808381
795,1803.90951270201
796,1805.14642561171
797,1806.38698681293
798,1807.63119630565
799,1808.87905408989
800,1810.13056016564
801,1811.3857145329
802,1812.64451719168
803,1813.90696814196
804,1815.17306738376
805,1816.44281491707
806,1817.71621074189
807,1818.99325485822
808,1820.27394726606
809,1821.55828796542
810,1822.84627695629
811,1824.13791423866
812,1825.43319981255
813,1826.73213367796
814,1828.03471583487
815,1829.34094628329
816,1830.65082502323
817,1831.96435205468
818,1833.28152737764
819,1834.60235099211
820,1835.92682289809
821,1837.25494309559
822,1838.58671158459
823,1839.92212836511
824,1841.26119343714
825,1842.60390680068
826,1843.95026845573
827,1845.3002784023
828,1846.65393664038
829,1848.01124316996
830,1849.37219799106
831,1850.73680110367
832,1852.1050525078
833,1853.47695220343
834,1854.85250019058
835,1856.23169646923
836,1857.6145410394
837,1859.00103390108
838,1860.39117505428
839,1861.78496449898
840,1863.1824022352
841,1864.58348826292
842,1865.98822258216
843,1867.39660519291
844,1868.80863609518
845,1870.22431528895
846,1871.64364277424
847,1873.06661855103
848,1874.49324261934
849,1875.92351497916
850,1877.35743563049
851,1878.79500457334
852,1880.23622180769
853,1881.68108733356
854,1883.12960115094
855,1884.58176325983
856,1886.03757366023
857,1887.49703235214
858,1888.96013933557
859,1890.42689461051
860,1891.89729817696
861,1893.37135003492
862,1894.84905018439
863,1896.33039862537
864,1897.81539535787
865,1899.30404038187
866,1900.79633369739
867,1902.29227530442
868,1903.79186520296
869,1905.29510339302
870,1906.80198987458
871,1908.31252464766
872,1909.82670771224
873,1911.34453906834
874,1912.86601871596
875,1914.39114665508
876,1915.91992288571
877,1917.45234740786
878,1918.98842022152
879,1920.52814132669
880,1922.07151072337
881,1923.61852841156
882,1925.16919439127
883,1926.72350866248
884,1928.28147122521
885,1929.84308207945
886,1931.4083412252
887,1932.97724866246
888,1934.54980439124
889,1936.12600841152
890,1937.70586072332
891,1939.28936132663
892,1940.87651022145
893,1942.46730740778
894,1944.06175288563
895,1945.65984665498
896,1947.26158871585
897,1948.86697906823
898,1950.47601771212
899,1952.08870464752
900,1953.70503987444
901,1955.32502339286
902,1956.9486552028
903,1958.57593530425
904,1960.20686369721
905,1961.84144038168
906,1963.47966535766
907,1965.12153862516
908,1966.76706018417
909,1968.41623003469
910,1970.06904817672
911,1971.72551461026
912,1973.38562933531
913,1975.04939235188
914,1976.71680365995
915,1978.38786325954
916,1980.06257115064
917,1981.74092733325
918,1983.42293180738
919,1985.10858457301
920,1986.79788563016
921,1988.49083497882
922,1990.18743261899
923,1991.88767855067
924,1993.59157277386
925,1995.29911528857
926,1997.01030609478
927,1998.72514519251
928,2000.44363258175
929,2002.1657682625
930,2003.89155223477
931,2005.62098449854
932,2007.35406505383
933,2009.09079390062
934,2010.83117103893
935,2012.57519646876
936,2014.32287019009
937,2016.07419220293
938,2017.82916250729
939,2019.58778110316
940,2021.35004799054
941,2023.11596316943
942,2024.88552663983
943,2026.65873840174
944,2028.43559845517
945,2030.21610680011
946,2032.00026343656
947,2033.78806836452
948,2035.57952158399
949,2037.37462309497
950,2039.17337289747
951,2040.97577099148
952,2042.781817377
953,2044.59151205403
954,2046.40485502257
955,2048.22184628262
956,2050.04248583419
957,2051.86677367727
958,2053.69470981185
959,2055.52629423796
960,2057.36152695557
961,2059.20040796469
962,2061.04293726533
963,2062.88911485747
964,2064.73894074113
965,2066.5924149163
966,2068.44953738298
967,2070.31030814118
968,2072.17472719088
969,2074.0427945321
970,2075.91451016483
971,2077.78987408907
972,2079.66888630482
973,2081.55154681208
974,2083.43785561086
975,2085.32781270115
976,2087.22141808294
977,2089.11867175625
978,2091.01957372108
979,2092.92412397741
980,2094.83232252525
981,2096.74416936461
982,2098.65966449548
983,2100.57880791786
984,2102.50159963175
985,2104.42803963715
986,2106.35812793407
987,2108.29186452249
988,2110.22924940243
989,2112.17028257388
990,2114.11496403684
991,2116.06329379131
992,2118.0152718373
993,2119.9708981748
994,2121.9301728038
995,2123.89309572432
996,2125.85966693635
997,2127.8298864399
998,2129.80375423495
999,2131.78127032152
1000,2133.76243469959
1001,2135.74724736918
1002,2137.73570833028
1003,2139.7278175829
1004,2141.72357512702
1005,2143.72298096266
1006,2145.7260350898
1007,2147.73273750846
1008,2149.74308821863
1009,2151.75708722032
1010,2153.77473451351
1011,2155.79603009821
1012,2157.82097397443
1013,2159.84956614216
1014,2161.8818066014
1015,2163.91769535215
1016,2165.95723239442
1017,2168.00041772819
1018,2170.04725135348
1019,2172.09773327028
1020,2174.15186347859
1021,2176.20964197841
1022,2178.27106876974
1023,2180.33614385259
1024,2182.40486722695
1025,2184.47723889281
1026,2186.55325885019
1027,2188.63292709909
1028,2190.71624363949
1029,2192.80320847141
1030,2194.89382159483
1031,2196.98808300977
1032,2199.08599271622
1033,2201.18755071418
1034,2203.29275700365
1035,2205.40161158464
1036,2207.51411445714
1037,2209.63026562114
1038,2211.75006507666
1039,2213.87351282369
1040,2216.00060886224
1041,2218.13135319229
1042,2220.26574581386
1043,2222.40378672694
1044,2224.54547593153
1045,2226.69081342763
1046,2228.83979921524
1047,2230.99243329436
1048,2233.148715665
1049,2235.30864632715
1050,2237.47222528081
1051,2239.63945252598
1052,2241.81032806266
1053,2243.98485189086
1054,2246.16302401056
1055,2248.34484442178
1056,2250.53031312451
1057,2252.71943011875
1058,2254.9121954045
1059,2257.10860898177
1060,2259.30867085054
1061,2261.51238101083
1062,2263.71973946263
1063,2265.93074620594
1064,2268.14540124076
1065,2270.36370456709
1066,2272.58565618494
1067,2274.8112560943
1068,2277.04050429517
1069,2279.27340078755
1070,2281.50994557144
1071,2283.75013864684
1072,2285.99398001376
1073,2288.24146967219
1074,2290.49260762212
1075,2292.74739386357
1076,2295.00582839654
1077,2297.26791122101
1078,2299.533642337
1079,2301.80302174449
1080,2304.0760494435
1081,2306.35272543402
1082,2308.63304971605
1083,2310.9170222896
1084,2313.20464315465
1085,2315.49591231122
1086,2317.7908297593
1087,2320.08939549889
1088,2322.39160952999
1089,2324.6974718526
1090,2327.00698246673
1091,2329.32014137236
1092,2331.63694856951
1093,2333.95740405817
1094,2336.28150783834
1095,2338.60925991002
1096,2340.94066027322
1097,2343.27570892792
1098,2345.61440587414
1099,2347.95675111187
1100,2350.30274464111
1101,2352.65238646187
1102,2355.00567657413
1103,2357.36261497791
1104,2359.7232016732
1105,2362.08743665999
1106,2364.4553199383
1107,2366.82685150813
1108,2369.20203136946
1109,2371.58085952231
1110,2373.96333596667
1111,2376.34946070253
1112,2378.73923372992
1113,2381.13265504881
1114,2383.52972465921
1115,2385.93044256113
1116,2388.33480875455
1117,2390.74282323949
1118,2393.15448601594
1119,2395.56979708391
1120,2397.98875644338
1121,2400.41136409437
1122,2402.83762003686
1123,2405.26752427087
1124,2407.70107679639
1125,2410.13827761343
1126,2412.57912672197
1127,2415.02362412202
1128,2417.47176981359
1129,2419.92356379667
1130,2422.37900607126
1131,2424.83809663736
1132,2427.30083549498
1133,2429.7672226441
1134,2432.23725808474
1135,2434.71094181689
1136,2437.18827384055
1137,2439.66925415572
1138,2442.1538827624
1139,2444.6421596606
1140,2447.1340848503
1141,2449.62965833152
1142,2452.12888010425
1143,2454.63175016849
1144,2457.13826852425
1145,2459.64843517151
1146,2462.16225011029
1147,2464.67971334058
1148,2467.20082486238
1149,2469.72558467569
1150,2472.25399278051
1151,2474.78604917684
1152,2477.32175386469
1153,2479.86110684405
1154,2482.40410811492
1155,2484.9507576773
1156,2487.50105553119
1157,2490.0550016766
1158,2492.61259611351
1159,2495.17383884194
1160,2497.73872986188
1161,2500.30726917333
1162,2502.87945677629
1163,2505.45529267077
1164,2508.03477685675
1165,2510.61790933425
1166,2513.20469010326
1167,2515.79511916378
1168,2518.38919651581
1169,2520.98692215936
1170,2523.58829609441
1171,2526.19331832098
1172,2528.80198883906
1173,2531.41430764865
1174,2534.03027474975
1175,2536.64989014237
1176,2539.27315382649
1177,2541.90006580213
1178,2544.53062606928
1179,2547.16483462794
1180,2549.80269147811
1181,2552.44419661979
1182,2555.08935005299
1183,2557.7381517777
1184,2560.39060179392
1185,2563.04670010165
1186,2565.70644670089
1187,2568.36984159164
1188,2571.03688477391
1189,2573.70757624768
1190,2576.38191601297
1191,2579.05990406977
1192,2581.74154041808
1193,2584.42682505791
1194,2587.11575798924
1195,2589.80833921209
1196,2592.50456872645
1197,2595.20444653232
1198,2597.9079726297
1199,2600.61514701859
1200,2603.325969699
1201,2606.04044067091
1202,2608.75855993434
1203,2611.48032748928
1204,2614.20574333573
1205,2616.93480747369
1206,2619.66751990317
1207,2622.40388062416
1208,2625.14388963665
1209,2627.88754694066
1210,2630.63485253618
1211,2633.38580642322
1212,2636.14040860176
1213,2638.89865907182
1214,2641.66055783338
1215,2644.42610488646
1216,2647.19530023106
1217,2649.96814386716
1218,2652.74463579477
1219,2655.5247760139
1220,2658.30856452454
1221,2661.09600132668
1222,2663.88708642035
1223,2666.68181980552
1224,2669.4802014822
1225,2672.2822314504
1226,2675.08790971011
1227,2677.89723626132
1228,2680.71021110405
1229,2683.5268342383
1230,2686.34710566405
1231,2689.17102538132
1232,2691.99859339009
1233,2694.82980969038
1234,2697.66467428218
1235,2700.5031871655
1236,2703.34534834032
1237,2706.19115780665
1238,2709.0406155645
1239,2711.89372161386
1240,2714.75047595473
1241,2717.61087858711
1242,2720.47492951101
1243,2723.34262872641
1244,2726.21397623333
1245,2729.08897203176
1246,2731.9676161217
1247,2734.84990850315
1248,2737.73584917611
1249,2740.62543814059
1250,2743.51867539657
1251,2746.41556094407
1252,2749.31609478308
1253,2752.2202769136
1254,2755.12810733564
1255,2758.03958604918
1256,2760.95471305424
1257,2763.87348835081
1258,2766.79591193888
1259,2769.72198381848
1260,2772.65170398958
1261,2775.58507245219
1262,2778.52208920632
1263,2781.46275425196
1264,2784.40706758911
1265,2787.35502921777
1266,2790.30663913794
1267,2793.26189734963
1268,2796.22080385282
1269,2799.18335864753
1270,2802.14956173375
1271,2805.11941311148
1272,2808.09291278072
1273,2811.07006074148
1274,2814.05085699374
1275,2817.03530153752
1276,2820.02339437281
1277,2823.01513549961
1278,2826.01052491792
1279,2829.00956262775
1280,2832.01224862908
1281,2835.01858292193
1282,2838.02856550629
1283,2841.04219638216
1284,2844.05947554954
1285,2847.08040300844
1286,2850.10497875884
1287,2853.13320280076
1288,2856.16507513419
1289,2859.20059575913
1290,2862.23976467558
1291,2865.28258188354
1292,2868.32904738302
1293,2871.37916117401
1294,2874.4329232565
1295,2877.49033363051
1296,2880.55139229604
1297,2883.61609925307
1298,2886.68445450162
1299,2889.75645804167
1300,2892.83210987324
1301,2895.91140999632
1302,2898.99435841091
1303,2902.08095511702
1304,2905.17120011463
1305,2908.26509340376
1306,2911.3626349844
1307,2914.46382485655
1308,2917.56866302021
1309,2920.67714947538
1310,2923.78928422206
1311,2926.90506726026
1312,2930.02449858997
1313,2933.14757821119
1314,2936.27430612392
1315,2939.40468232816
1316,2942.53870682392
1317,2945.67637961118
1318,2948.81770068996
1319,2951.96267006025
1320,2955.11128772205
1321,2958.26355367537
1322,2961.41946792019
1323,2964.57903045653
1324,2967.74224128437
1325,2970.90910040373
1326,2974.0796078146
1327,2977.25376351699
1328,2980.43156751088
1329,2983.61301979629
1330,2986.7981203732
1331,2989.98686924163
1332,2993.17926640157
1333,2996.37531185303
1334,2999.57500559599
1335,3002.77834763047
1336,3005.98533795645
1337,3009.19597657395
1338,3012.41026348296
1339,3015.62819868349
1340,3018.84978217552
1341,3022.07501395907
1342,3025.30389403412
1343,3028.53642240069
1344,3031.77259905877
1345,3035.01242400836
1346,3038.25589724947
1347,3041.50301878208
1348,3044.75378860621
1349,3048.00820672185
1350,3051.266273129
1351,3054.52798782766
1352,3057.79335081783
1353,3061.06236209952
1354,3064.33502167272
1355,3067.61132953742
1356,3070.89128569364
1357,3074.17489014138
1358,3077.46214288062
1359,3080.75304391137
1360,3084.04759323364
1361,3087.34579084742
1362,3090.64763675271
1363,3093.95313094951
1364,3097.26227343782
1365,3100.57506421765
1366,3103.89150328899
1367,3107.21159065183
1368,3110.53532630619
1369,3113.86271025206
1370,3117.19374248945
1371,3120.52842301834
1372,3123.86675183875
1373,3127.20872895067
1374,3130.5543543541
1375,3133.90362804904
1376,3137.25655003549
1377,3140.61312031345
1378,3143.97333888293
1379,3147.33720574392
1380,3150.70472089642
1381,3154.07588434043
1382,3157.45069607595
1383,3160.82915610299
1384,3164.21126442153
1385,3167.59702103159
1386,3170.98642593316
1387,3174.37947912624
1388,3177.77618061083
1389,3181.17653038694
1390,3184.58052845455
1391,3187.98817481368
1392,3191.39946946432
1393,3194.81441240647
1394,3198.23300364013
1395,3201.6552431653
1396,3205.08113098199
1397,3208.51066709019
1398,3211.9438514899
1399,3215.38068418112
1400,3218.82116516385
1401,3222.26529443809
1402,3225.71307200385
1403,3229.16449786111
1404,3232.61957200989
1405,3236.07829445018
1406,3239.54066518198
1407,3243.0066842053
1408,3246.47635152012
1409,3249.94966712646
1410,3253.42663102431
1411,3256.90724321367
1412,3260.39150369454
1413,3263.87941246692
1414,3267.37096953082
1415,3270.86617488623
1416,3274.36502853314
1417,3277.86753047157
1418,3281.37368070151
1419,3284.88347922297
1420,3288.39692603593
1421,3291.91402114041
1422,3295.4347645364
1423,3298.9591562239
1424,3302.48719620291
1425,3306.01888447343
1426,3309.55422103547
1427,3313.09320588901
1428,3316.63583903407
1429,3320.18212047064
1430,3323.73205019872
1431,3327.28562821831
1432,3330.84285452942
1433,3334.40372913203
1434,3337.96825202616
1435,3341.5364232118
1436,3345.10824268895
1437,3348.68371045761
1438,3352.26282651779
1439,3355.84559086948
1440,3359.43200351267
1441,3363.02206444738
1442,3366.6157736736
1443,3370.21313119133
1444,3373.81413700058
1445,3377.41879110133
1446,3381.0270934936
1447,3384.63904417738
1448,3388.25464315267
1449,3391.87389041947
1450,3395.49678597779
1451,3399.12332982761
1452,3402.75352196895
1453,3406.3873624018
1454,3410.02485112616
1455,3413.66598814203
1456,3417.31077344942
1457,3420.95920704831
1458,3424.61128893872
1459,3428.26701912064
1460,3431.92639759407
1461,3435.58942435901
1462,3439.25609941546
1463,3442.92642276343
1464,3446.6003944029
1465,3450.27801433389
1466,3453.95928255639
1467,3457.6441990704
1468,3461.33276387593
1469,3465.02497697296
1470,3468.72083836151
1471,3472.42034804157
1472,3476.12350601314
1473,3479.83031227622
1474,3483.54076683081
1475,3487.25486967692
1476,3490.97262081453
1477,3494.69402024366
1478,3498.4190679643
1479,3502.14776397645
1480,3505.88010828012
1481,3509.61610087529
1482,3513.35574176198
1483,3517.09903094017
1484,3520.84596840988
1485,3524.5965541711
1486,3528.35078822384
1487,3532.10867056808
1488,3535.87020120384
1489,3539.63538013111
1490,3543.40420734988
1491,3547.17668286018
1492,3550.95280666198
1493,3554.73257875529
1494,3558.51599914012
1495,3562.30306781646
1496,3566.09378478431
1497,3569.88815004367
1498,3573.68616359454
1499,3577.48782543692
1500,3581.29313557082
1501,3585.10209399622
1502,3588.91470071314
1503,3592.73095572157
1504,3596.55085902152
1505,3600.37441061297
1506,3604.20161049594
1507,3608.03245867041
1508,3611.8669551364
1509,3615.7050998939
1510,3619.54689294291
1511,3623.39233428344
1512,3627.24142391547
1513,3631.09416183902
1514,3634.95054805408
1515,3638.81058256065
1516,3642.67426535873
1517,3646.54159644832
1518,3650.41257582943
1519,3654.28720350205
1520,3658.16547946618
1521,3662.04740372182
1522,3665.93297626897
1523,3669.82219710763
1524,3673.71506623781
1525,3677.61158365949
1526,3681.51174937269
1527,3685.4155633774
1528,3689.32302567362
1529,3693.23413626136
1530,3697.1488951406
1531,3701.06730231136
1532,3704.98935777362
1533,3708.9150615274
1534,3712.84441357269
1535,3716.7774139095
1536,3720.71406253781
1537,3724.65435945764
1538,3728.59830466898
1539,3732.54589817183
1540,3736.49713996619
1541,3740.45203005206
1542,3744.41056842944
1543,3748.37275509834
1544,3752.33859005875
1545,3756.30807331067
1546,3760.2812048541
1547,3764.25798468904
1548,3768.2384128155
1549,3772.22248923346
1550,3776.21021394294
1551,3780.20158694393
1552,3784.19660823643
1553,3788.19527782044
1554,3792.19759569597
1555,3796.203561863
1556,3800.21317632155
1557,3804.22643907161
1558,3808.24335011318
1559,3812.26390944626
1560,3816.28811707085
1561,3820.31597298696
1562,3824.34747719458
1563,3828.3826296937
1564,3832.42143048435
1565,3836.4638795665
1566,3840.50997694016
1567,3844.55972260534
1568,3848.61311656202
1569,3852.67015881022
1570,3856.73084934993
1571,3860.79518818115
1572,3864.86317530389
1573,3868.93481071813
1574,3873.01009442389
1575,3877.08902642116
1576,3881.17160670994
1577,3885.25783529023
1578,3889.34771216203
1579,3893.44123732535
1580,3897.53841078018
1581,3901.63923252651
1582,3905.74370256436
1583,3909.85182089372
1584,3913.9635875146
1585,3918.07900242698
1586,3922.19806563088
1587,3926.32077712629
1588,3930.44713691321
1589,3934.57714499164
1590,3938.71080136158
1591,3942.84810602304
1592,3946.989058976
1593,3951.13366022048
1594,3955.28190975647
1595,3959.43380758397
1596,3963.58935370298
1597,3967.74854811351
1598,3971.91139081554
1599,3976.07788180909
1600,3980.24802109415
1601,3984.42180867072
1602,3988.5992445388
1603,3992.7803286984
1604,3996.9650611495
1605,4001.15344189212
1606,4005.34547092625
1607,4009.54114825189
1608,4013.74047386904
1609,4017.94344777771
1610,4022.15006997788
1611,4026.36034046957
1612,4030.57425925277
1613,4034.79182632748
1614,4039.0130416937
1615,4043.23790535144
1616,4047.46641730068
1617,4051.69857754144
1618,4055.93438607371
1619,4060.17384289749
1620,4064.41694801278
1621,4068.66370141958
1622,4072.9141031179
1623,4077.16815310773
1624,4081.42585138906
1625,4085.68719796192
1626,4089.95219282628
1627,4094.22083598215
1628,4098.49312742954
1629,4102.76906716843
1630,4107.04865519884
1631,4111.33189152076
1632,4115.61877613419
1633,4119.90930903914
1634,4124.20349023559
1635,4128.50131972356
1636,4132.80279750304
1637,4137.10792357403
1638,4141.41669793653
1639,4145.72912059054
1640,4150.04519153606
1641,4154.3649107731
1642,4158.68827830165
1643,4163.01529412171
1644,4167.34595823328
1645,4171.68027063636
1646,4176.01823133096
1647,4180.35984031706
1648,4184.70509759468
1649,4189.05400316381
1650,4193.40655702445
1651,4197.76275917661
1652,4202.12260962027
1653,4206.48610835545
1654,4210.85325538213
1655,4215.22405070033
1656,4219.59849431004
1657,4223.97658621127
1658,4228.358326404
1659,4232.74371488825
1660,4237.132751664
1661,4241.52543673127
1662,4245.92177009005
1663,4250.32175174035
1664,4254.72538168215
1665,4259.13265991547
1666,4263.54358644029
1667,4267.95816125663
1668,4272.37638436448
1669,4276.79825576385
1670,4281.22377545472
1671,4285.6529434371
1672,4290.085759711
1673,4294.52222427641
1674,4298.96233713333
1675,4303.40609828176
1676,4307.85350772171
1677,4312.30456545316
1678,4316.75927147613
1679,4321.21762579061
1680,4325.6796283966
1681,4330.1452792941
1682,4334.61457848311
1683,4339.08752596364
1684,4343.56412173568
1685,4348.04436579922
1686,4352.52825815428
1687,4357.01579880086
1688,4361.50698773894
1689,4366.00182496853
1690,4370.50031048964
1691,4375.00244430226
1692,4379.50822640639
1693,4384.01765680203
1694,4388.53073548918
1695,4393.04746246785
1696,4397.56783773802
1697,4402.09186129971
1698,4406.61953315291
1699,4411.15085329762
1700,4415.68582173385
1701,4420.22443846158
1702,4424.76670348083
1703,4429.31261679159
1704,4433.86217839385
1705,4438.41538828764
1706,4442.97224647293
1707,4447.53275294973
1708,4452.09690771805
1709,4456.66471077788
1710,4461.23616212922
1711,4465.81126177207
1712,4470.39000970643
1713,4474.9724059323
1714,4479.55845044969
1715,4484.14814325859
1716,4488.741484359
1717,4493.33847375092
1718,4497.93911143435
1719,4502.54339740929
1720,4507.15133167575
1721,4511.76291423372
1722,4516.37814508319
1723,4520.99702422419
1724,4525.61955165669
1725,4530.2457273807
1726,4534.87555139623
1727,4539.50902370326
1728,4544.14614430181
1729,4548.78691319187
1730,4553.43133037345
1731,4558.07939584653
1732,4562.73110961112
1733,4567.38647166723
1734,4572.04548201485
1735,4576.70814065398
1736,4581.37444758462
1737,4586.04440280677
1738,4590.71800632044
1739,4595.39525812562
1740,4600.07615822231
1741,4604.7607066105
1742,4609.44890329022
1743,4614.14074826144
1744,4618.83624152418
1745,4623.53538307842
1746,4628.23817292418
1747,4632.94461106145
1748,4637.65469749023
1749,4642.36843221053
1750,4647.08581522233
1751,4651.80684652565
1752,4656.53152612047
1753,4661.25985400681
1754,4665.99183018466
1755,4670.72745465403
1756,4675.4667274149
1757,4680.20964846729
1758,4684.95621781119
1759,4689.7064354466
1760,4694.46030137352
1761,4699.21781559195
1762,4703.97897810189
1763,4708.74378890335
1764,4713.51224799632
1765,4718.2843553808
1766,4723.06011105679
1767,4727.83951502429
1768,4732.6225672833
1769,4737.40926783383
1770,4742.19961667587
1771,4746.99361380942
1772,4751.79125923448
1773,4756.59255295105
1774,4761.39749495913
1775,4766.20608525873
1776,4771.01832384984
1777,4775.83421073246
1778,4780.65374590659
1779,4785.47692937223
1780,4790.30376112938
1781,4795.13424117805
1782,4799.96836951823
1783,4804.80614614991
1784,4809.64757107311
1785,4814.49264428783
1786,4819.34136579405
1787,4824.19373559179
1788,4829.04975368103
1789,4833.90942006179
1790,4838.77273473406
1791,4843.63969769784
1792,4848.51030895314
1793,4853.38456849994
1794,4858.26247633826
1795,4863.14403246809
1796,4868.02923688943
1797,4872.91808960228
1798,4877.81059060664
1799,4882.70673990252
1800,4887.6065374899
1801,4892.5099833688
1802,4897.41707753921
1803,4902.32782000113
1804,4907.24221075457
1805,4912.16024979951
1806,4917.08193713597
1807,4922.00727276394
1808,4926.93625668342
1809,4931.86888889441
1810,4936.80516939691
1811,4941.74509819092
1812,4946.68867527645
1813,4951.63590065349
1814,4956.58677432204
1815,4961.5412962821
1816,4966.49946653367
1817,4971.46128507676
1818,4976.42675191135
1819,4981.39586703746
1820,4986.36863045508
1821,4991.34504216421
1822,4996.32510216485
1823,5001.30881045701
1824,5006.29616704067
1825,5011.28717191585
1826,5016.28182508254
1827,5021.28012654074
1828,5026.28207629045
1829,5031.28767433168
1830,5036.29692066441
1831,5041.30981528866
1832,5046.32635820442
1833,5051.34654941169
1834,5056.37038891047
1835,5061.39787670076
1836,5066.42901278257
1837,5071.46379715589
1838,5076.50222982072
1839,5081.54431077706
1840,5086.59004002491
1841,5091.63941756427
1842,5096.69244339515
1843,5101.74911751753
1844,5106.80943993143
1845,5111.87341063684
1846,5116.94102963376
1847,5122.0122969222
1848,5127.08721250214
1849,5132.1657763736
1850,5137.24798853657
1851,5142.33384899105
1852,5147.42335773704
1853,5152.51651477454
1854,5157.61332010356
1855,5162.71377372408
1856,5167.81787563612
1857,5172.92562583967
1858,5178.03702433474
1859,5183.15207112131
1860,5188.27076619939
1861,5193.39310956899
1862,5198.5191012301
1863,5203.64874118272
1864,5208.78202942685
1865,5213.91896596249
1866,5219.05955078965
1867,5224.20378390831
1868,5229.35166531849
1869,5234.50319502018
1870,5239.65837301338
1871,5244.81719929809
1872,5249.97967387432
1873,5255.14579674205
1874,5260.3155679013
1875,5265.48898735206
1876,5270.66605509433
1877,5275.84677112811
1878,5281.03113545341
1879,5286.21914807021
1880,5291.41080897853
1881,5296.60611817836
1882,5301.8050756697
1883,5307.00768145255
1884,5312.21393552692
1885,5317.42383789279
1886,5322.63738855018
1887,5327.85458749908
1888,5333.07543473949
1889,5338.29993027141
1890,5343.52807409485
1891,5348.75986620979
1892,5353.99530661625
1893,5359.23439531422
1894,5364.4771323037
1895,5369.72351758469
1896,5374.97355115719
1897,5380.22723302121
1898,5385.48456317673
1899,5390.74554162377
1900,5396.01016836232
1901,5401.27844339239
1902,5406.55036671396
1903,5411.82593832705
1904,5417.10515823164
1905,5422.38802642775
1906,5427.67454291537
1907,5432.9647076945
1908,5438.25852076514
1909,5443.5559821273
1910,5448.85709178097
1911,5454.16184972614
1912,5459.47025596283
1913,5464.78231049103
1914,5470.09801331075
1915,5475.41736442197
1916,5480.74036382471
1917,5486.06701151896
1918,5491.39730750472
1919,5496.73125178199
1920,5502.06884435077
1921,5507.41008521107
1922,5512.75497436287
1923,5518.10351180619
1924,5523.45569754102
1925,5528.81153156736
1926,5534.17101388521
1927,5539.53414449458
1928,5544.90092339545
1929,5550.27135058784
1930,5555.64542607174
1931,5561.02314984715
1932,5566.40452191407
1933,5571.78954227251
1934,5577.17821092245
1935,5582.57052786391
1936,5587.96649309688
1937,5593.36610662136
1938,5598.76936843735
1939,5604.17627854486
1940,5609.58683694387
1941,5615.0010436344
1942,5620.41889861644
1943,5625.84040188999
1944,5631.26555345505
1945,5636.69435331163
1946,5642.12680145971
1947,5647.56289789931
1948,5653.00264263042
1949,5658.44603565304
1950,5663.89307696717
1951,5669.34376657281
1952,5674.79810446997
1953,5680.25609065864
1954,5685.71772513881
1955,5691.1830079105
1956,5696.65193897371
1957,5702.12451832842
1958,5707.60074597465
1959,5713.08062191238
1960,5718.56414614163
1961,5724.05131866239
1962,5729.54213947466
1963,5735.03660857845
1964,5740.53472597374
1965,5746.03649166055
1966,5751.54190563887
1967,5757.0509679087
1968,5762.56367847004
1969,5768.08003732289
1970,5773.60004446725
1971,5779.12369990313
1972,5784.65100363052
1973,5790.18195564942
1974,5795.71655595983
1975,5801.25480456175
1976,5806.79670145519
1977,5812.34224664013
1978,5817.89144011659
1979,5823.44428188456
1980,5829.00077194404
1981,5834.56091029503
1982,5840.12469693754
1983,5845.69213187155
1984,5851.26321509708
1985,5856.83794661412
1986,5862.41632642267
1987,5867.99835452274
1988,5873.58403091431
1989,5879.1733555974
1990,5884.76632857199
1991,5890.3629498381
1992,5895.96321939572
1993,5901.56713724485
1994,5907.1747033855
1995,5912.78591781765
1996,5918.40078054132
1997,5924.0192915565
1998,5929.64145086319
1999,5935.26725846139
2000,5940.89671435111
2001,5946.52981853233
2002,5952.16657100507
2003,5957.80697176932
2004,5963.45102082508
2005,5969.09871817235
2006,5974.75006381113
2007,5980.40505774143
2008,5986.06369996324
2009,5991.72599047655
2010,5997.39192928139
2011,6003.06151637773
2012,6008.73475176558
2013,6014.41163544495
2014,6020.09216741582
2015,6025.77634767821
2016,6031.46417623211
2017,6037.15565307752
2018,6042.85077821445
2019,6048.54955164288
2020,6054.25197336283
2021,6059.95804337428
2022,6065.66776167725
2023,6071.38112827174
2024,6077.09814315773
2025,6082.81880633523
2026,6088.54311780425
2027,6094.27107756478
2028,6100.00268561682
2029,6105.73794196037
2030,6111.47684659543
2031,6117.21939952201
2032,6122.96560074009
2033,6128.71545024969
2034,6134.4689480508
2035,6140.22609414342
2036,6145.98688852755
2037,6151.7513312032
2038,6157.51942217036
2039,6163.29116142902
2040,6169.0665489792
2041,6174.84558482089
2042,6180.62826895409
2043,6186.41460137881
2044,6192.20458209504
2045,6197.99821110277
2046,6203.79548840202
2047,6209.59641399278
2048,6215.40098787505
2049,6221.20921004884
2050,6227.02108051413
2051,6232.83659927094
2052,6238.65576631926
2053,6244.47858165909
2054,6250.30504529043
2055,6256.13515721329
2056,6261.96891742765
2057,6267.80632593353
2058,6273.64738273092
2059,6279.49208781982
2060,6285.34044120023
2061,6291.19244287215
2062,6297.04809283559
2063,6302.90739109054
2064,6308.770337637
2065,6314.63693247496
2066,6320.50717560445
2067,6326.38106702544
2068,6332.25860673795
2069,6338.13979474196
2070,6344.02463103749
2071,6349.91311562453
2072,6355.80524850308
2073,6361.70102967315
2074,6367.60045913472
2075,6373.50353688781
2076,6379.41026293241
2077,6385.32063726852
2078,6391.23465989614
2079,6397.15233081527
2080,6403.07365002591
2081,6408.99861752807
2082,6414.92723332174
2083,6420.85949740692
2084,6426.79540978361
2085,6432.73497045181
2086,6438.67817941153
2087,6444.62503666275
2088,6450.57554220549
2089,6456.52969603974
2090,6462.4874981655
2091,6468.44894858277
2092,6474.41404729156
2093,6480.38279429186
2094,6486.35518958366
2095,6492.33123316698
2096,6498.31092504181
2097,6504.29426520815
2098,6510.28125366601
2099,6516.27189041538
2100,6522.26617545625
2101,6528.26410878864
2102,6534.26569041254
2103,6540.27092032796
2104,6546.27979853488
2105,6552.29232503332
2106,6558.30849982326
2107,6564.32832290472
2108,6570.35179427769
2109,6576.37891394217
2110,6582.40968189817
2111,6588.44409814567
2112,6594.48216268469
2113,6600.52387551522
2114,6606.56923663726
2115,6612.61824605081
2116,6618.67090375587
2117,6624.72720975245
2118,6630.78716404054
2119,6636.85076662013
2120,6642.91801749124
2121,6648.98891665387
2122,6655.063464108
2123,6661.14165985365
2124,6667.2235038908
2125,6673.30899621947
2126,6679.39813683965
2127,6685.49092575134
2128,6691.58736295455
2129,6697.68744844926
2130,6703.79118223549
2131,6709.89856431323
2132,6716.00959468247
2133,6722.12427334324
2134,6728.24260029551
2135,6734.36457553929
2136,6740.49019907459
2137,6746.6194709014
2138,6752.75239101972
2139,6758.88895942955
2140,6765.02917613089
2141,6771.17304112375
2142,6777.32055440811
2143,6783.47171598399
2144,6789.62652585138
2145,6795.78498401028
2146,6801.94709046069
2147,6808.11284520262
2148,6814.28224823605
2149,6820.455299561
2150,6826.63199917746
2151,6832.81234708543
2152,6838.99634328492
2153,6845.18398777591
2154,6851.37528055842
2155,6857.57022163243
2156,6863.76881099796
2157,6869.971048655
2158,6876.17693460355
2159,6882.38646884362
2160,6888.59965137519
2161,6894.81648219828
2162,6901.03696131288
2163,6907.26108871899
2164,6913.48886441661
2165,6919.72028840575
2166,6925.95536068639
2167,6932.19408125855
2168,6938.43645012222
2169,6944.6824672774
2170,6950.93213272409
2171,6957.18544646229
2172,6963.44240849201
2173,6969.70301881324
2174,6975.96727742597
2175,6982.23518433023
2176,6988.50673952599
2177,6994.78194301326
2178,7001.06079479204
2179,7007.34329486234
2180,7013.62944322415
2181,7019.91923987747
2182,7026.2126848223
2183,7032.50977805864
2184,7038.8105195865
2185,7045.11490940587
2186,7051.42294751674
2187,7057.73463391913
2188,7064.04996861304
2189,7070.36895159845
2190,7076.69158287537
2191,7083.01786244381
2192,7089.34779030376
2193,7095.68136645522
2194,7102.01859089819
2195,7108.35946363267
2196,7114.70398465867
2197,7121.05215397617
2198,7127.40397158519
2199,7133.75943748572
2200,7140.11855167776
2201,7146.48131416131
2202,7152.84772493638
2203,7159.21778400295
2204,7165.59149136104
2205,7171.96884701064
2206,7178.34985095175
2207,7184.73450318437
2208,7191.12280370851
2209,7197.51475252415
2210,7203.91034963131
2211,7210.30959502998
2212,7216.71248872016
2213,7223.11903070185
2214,7229.52922097506
2215,7235.94305953977
2216,7242.360546396
2217,7248.78168154374
2218,7255.20646498299
2219,7261.63489671375
2220,7268.06697673603
2221,7274.50270504981
2222,7280.94208165511
2223,7287.38510655192
2224,7293.83177974024
2225,7300.28210122007
2226,7306.73607099141
2227,7313.19368905427
2228,7319.65495540863
2229,7326.11987005451
2230,7332.5884329919
2231,7339.06064422081
2232,7345.53650374122
2233,7352.01601155315
2234,7358.49916765658
2235,7364.98597205153
2236,7371.47642473799
2237,7377.97052571596
2238,7384.46827498544
2239,7390.96967254644
2240,7397.47471839895
2241,7403.98341254296
2242,7410.49575497849
2243,7417.01174570553
2244,7423.53138472409
2245,7430.05467203415
2246,7436.58160763573
2247,7443.11219152882
2248,7449.64642371342
2249,7456.18430418953
2250,7462.72583295715
2251,7469.27101001628
2252,7475.81983536693
2253,7482.37230900909
2254,7488.92843094276
2255,7495.48820116794
2256,7502.05161968463
2257,7508.61868649284
2258,7515.18940159255
2259,7521.76376498378
2260,7528.34177666652
